{"packages/flutter_icons/fonts/AntDesign.ttf":["packages/flutter_icons/fonts/AntDesign.ttf"],"packages/cupertino_icons/assets/CupertinoIcons.ttf":["packages/cupertino_icons/assets/CupertinoIcons.ttf"],"assets/svg/EmptyCart.svg":["assets/svg/EmptyCart.svg"],"packages/flutter_icons/fonts/Entypo.ttf":["packages/flutter_icons/fonts/Entypo.ttf"],"packages/flutter_icons/fonts/EvilIcons.ttf":["packages/flutter_icons/fonts/EvilIcons.ttf"],"packages/flutter_icons/fonts/Feather.ttf":["packages/flutter_icons/fonts/Feather.ttf"],"packages/flutter_icons/fonts/FontAwesome.ttf":["packages/flutter_icons/fonts/FontAwesome.ttf"],"packages/flutter_icons/fonts/FontAwesome5_Brands.ttf":["packages/flutter_icons/fonts/FontAwesome5_Brands.ttf"],"packages/flutter_icons/fonts/FontAwesome5_Regular.ttf":["packages/flutter_icons/fonts/FontAwesome5_Regular.ttf"],"packages/flutter_icons/fonts/FontAwesome5_Solid.ttf":["packages/flutter_icons/fonts/FontAwesome5_Solid.ttf"],"packages/flutter_icons/fonts/Foundation.ttf":["packages/flutter_icons/fonts/Foundation.ttf"],"packages/flutter_icons/fonts/Ionicons.ttf":["packages/flutter_icons/fonts/Ionicons.ttf"],"packages/flutter_icons/fonts/MaterialCommunityIcons.ttf":["packages/flutter_icons/fonts/MaterialCommunityIcons.ttf"],"packages/flutter_icons/fonts/MaterialIcons.ttf":["packages/flutter_icons/fonts/MaterialIcons.ttf"],"assets/svg/NoInternet.svg":["assets/svg/NoInternet.svg"],"assets/svg/NoItem.svg":["assets/svg/NoItem.svg"],"packages/flutter_icons/fonts/Octicons.ttf":["packages/flutter_icons/fonts/Octicons.ttf"],"assets/OrderRecieved.mp3":["assets/OrderRecieved.mp3"],"assets/svg/PaymentFailure.svg":["assets/svg/PaymentFailure.svg"],"assets/svg/PaymentSuccess.svg":["assets/svg/PaymentSuccess.svg"],"packages/flutter_icons/fonts/SimpleLineIcons.ttf":["packages/flutter_icons/fonts/SimpleLineIcons.ttf"],"packages/flutter_icons/fonts/Zocial.ttf":["packages/flutter_icons/fonts/Zocial.ttf"],"assets/appLogo.png":["assets/appLogo.png"],"lang/en.json":["lang/en.json"],"lang/ka.json":["lang/ka.json"],"assets/placeHolder.png":["assets/placeHolder.png"],"assets/stairs.mp3":["assets/stairs.mp3"],"assets/sylfaen.ttf":["assets/sylfaen.ttf"],"packages/flutter_icons/fonts/weathericons.ttf":["packages/flutter_icons/fonts/weathericons.ttf"]}